command,mean,stddev,median,user,system,min,max,parameter_threads
omp.exe 10 1 >> txts\10-1.txt,0.007650019255813954,0.0014509783181162826,0.007393495999999999,0.002736918604651163,0.00555523255813953,0.0058057959999999985,0.022021596,1
omp.exe 10 2 >> txts\10-2.txt,0.0076319949071038265,0.0009060449567351349,0.007449995999999999,0.002728825136612023,0.005372267759562835,0.006239495999999999,0.010678695999999998,2
omp.exe 10 4 >> txts\10-4.txt,0.0076681837450980365,0.0009432520370065772,0.007478045999999999,0.002740502450980392,0.00604166666666666,0.006470996,0.012761596,4
omp.exe 10 8 >> txts\10-8.txt,0.008316876319148939,0.0010375962085852504,0.008072946,0.0032180851063829787,0.005947473404255313,0.007024496,0.013910995999999998,8
